Age,Loan ,Default,Distance,Nearby
25,40000,N,8000.014062,1
35,60000,N,22000.00384,2
45,80000,N,42000.00171,3
20,20000,N,47000.00665,4
35,120000,N,62000.00007,5
52,18000,N,78000,
23,95000,Y,80000.0004,
40,62000,Y,82000.00103,
60,100000,Y,102000.0026,
48,220000,Y,122000.0032,
33,150000,Y,124000.0001,
48,142000,Y,,
